loss,grad_norm,learning_rate,epoch,step,eval_0_precision,eval_0_recall,eval_0_f1-score,eval_0_support,eval_1_precision,eval_1_recall,eval_1_f1-score,eval_1_support,eval_accuracy,eval_macro avg_precision,eval_macro avg_recall,eval_macro avg_f1-score,eval_macro avg_support,eval_weighted avg_precision,eval_weighted avg_recall,eval_weighted avg_f1-score,eval_weighted avg_support,eval_roc_auc_0_vs_rest,eval_roc_auc_1_vs_rest,eval_roc_auc_average,eval_loss,eval_runtime,eval_samples_per_second,eval_steps_per_second,train_runtime,train_samples_per_second,train_steps_per_second,total_flos,train_loss
0.5464,2.1623177528381348,2.96969696969697e-06,0.5037783375314862,50,,,,,,,,,,,,,,,,,,,,,,,,,,,,,
0.3294,0.8289613723754883,2.9393939393939393e-06,1.0,100,,,,,,,,,,,,,,,,,,,,,,,,,,,,,
,,,1.0,100,0.943030303030303,0.8781038374717833,0.9094097019286966,886.0,0.7894736842105263,0.8960176991150443,0.8393782383419689,452.0,0.8841554559043349,0.8662519936204147,0.8870607682934137,0.8743939701353327,1338.0,0.8911561687204831,0.8841554559043349,0.8857518382955121,1338.0,0.9659776463772749,0.9659776463772748,0.9659776463772749,0.26143530011177063,0.9409,1422.053,44.638,,,,,
0.2276,3.8904144763946533,2.9090909090909093e-06,1.5037783375314862,150,,,,,,,,,,,,,,,,,,,,,,,,,,,,,
0.1875,1.0474939346313477,2.878787878787879e-06,2.0,200,,,,,,,,,,,,,,,,,,,,,,,,,,,,,
,,,2.0,200,0.9859872611464968,0.873589164785553,0.926391382405745,886.0,0.7974683544303798,0.9756637168141593,0.8776119402985074,452.0,0.9080717488789237,0.8917278077884383,0.9246264407998561,0.9020016613521262,1338.0,0.9223022493111569,0.9080717488789237,0.9099128264771416,1338.0,0.9805691783695241,0.980569178369524,0.9805691783695241,0.18362142145633698,0.9431,1418.743,44.535,,,,,
0.1701,2.9493408203125,2.8484848484848484e-06,2.503778337531486,250,,,,,,,,,,,,,,,,,,,,,,,,,,,,,
0.1555,1.125193476676941,2.8181818181818185e-06,3.0,300,,,,,,,,,,,,,,,,,,,,,,,,,,,,,
,,,3.0,300,0.9850931677018634,0.8950338600451467,0.937906564163217,886.0,0.8255159474671669,0.9734513274336283,0.8934010152284264,452.0,0.92152466367713,0.9053045575845151,0.9342425937393875,0.9156537896958217,1338.0,0.9311851680411138,0.92152466367713,0.9228718047323312,1338.0,0.98444335683893,0.9844433568389301,0.9844433568389301,0.1624632477760315,0.956,1399.551,43.932,,,,,
0.1491,5.5694708824157715,2.787878787878788e-06,3.503778337531486,350,,,,,,,,,,,,,,,,,,,,,,,,,,,,,
0.1368,1.7442547082901,2.7575757575757576e-06,4.0,400,,,,,,,,,,,,,,,,,,,,,,,,,,,,,
,,,4.0,400,0.9821002386634845,0.9288939051918735,0.9547563805104409,886.0,0.874,0.9668141592920354,0.9180672268907563,452.0,0.9417040358744395,0.9280501193317423,0.9478540322419544,0.9364118037005986,1338.0,0.9455820713421879,0.9417040358744395,0.942362137284658,1338.0,0.9872113406180707,0.9872113406180707,0.9872113406180707,0.13546881079673767,0.9519,1405.661,44.124,,,,,
0.1378,6.865621566772461,2.7272727272727272e-06,4.503778337531486,450,,,,,,,,,,,,,,,,,,,,,,,,,,,,,
0.1284,2.1036746501922607,2.6969696969696972e-06,5.0,500,,,,,,,,,,,,,,,,,,,,,,,,,,,,,
,,,5.0,500,0.9754959159859977,0.9435665914221218,0.9592656339644291,886.0,0.896049896049896,0.9535398230088495,0.9239013933547695,452.0,0.9469357249626308,0.9357729060179469,0.9485532072154856,0.9415835136595994,1338.0,0.9486576491615449,0.9469357249626308,0.947318969722601,1338.0,0.9891415629557122,0.9891415629557122,0.9891415629557122,0.1253032237291336,0.9513,1406.487,44.15,,,,,
0.1298,6.6011881828308105,2.6666666666666664e-06,5.503778337531486,550,,,,,,,,,,,,,,,,,,,,,,,,,,,,,
0.1206,1.6850191354751587,2.6363636363636364e-06,6.0,600,,,,,,,,,,,,,,,,,,,,,,,,,,,,,
,,,6.0,600,0.9846335697399528,0.9401805869074492,0.9618937644341802,886.0,0.8922764227642277,0.9712389380530974,0.9300847457627118,452.0,0.9506726457399103,0.9384549962520903,0.9557097624802733,0.945989255098446,1338.0,0.953433696471621,0.9506726457399103,0.9511481168710235,1338.0,0.9900504904213029,0.9900504904213028,0.9900504904213028,0.1235876977443695,0.9578,1396.939,43.85,,,,,
0.1206,4.5916829109191895,2.6060606060606064e-06,6.503778337531486,650,,,,,,,,,,,,,,,,,,,,,,,,,,,,,
0.1155,1.5598843097686768,2.5757575757575756e-06,7.0,700,,,,,,,,,,,,,,,,,,,,,,,,,,,,,
,,,7.0,700,0.9824355971896955,0.9469525959367946,0.964367816091954,886.0,0.9028925619834711,0.9668141592920354,0.9337606837606838,452.0,0.953662182361734,0.9426640795865833,0.956883377614415,0.9490642499263189,1338.0,0.9555645568958141,0.953662182361734,0.9540281869337073,1338.0,0.9910006192692622,0.9910006192692622,0.9910006192692622,0.11689019203186035,0.9564,1398.937,43.913,,,,,
0.1149,7.160250663757324,2.5454545454545456e-06,7.503778337531486,750,,,,,,,,,,,,,,,,,,,,,,,,,,,,,
0.1099,2.065701484680176,2.515151515151515e-06,8.0,800,,,,,,,,,,,,,,,,,,,,,,,,,,,,,
,,,8.0,800,0.984759671746776,0.9480812641083521,0.9660724554341575,886.0,0.9051546391752577,0.9712389380530974,0.9370330843116329,452.0,0.9559043348281017,0.9449571554610169,0.9596601010807247,0.9515527698728952,1338.0,0.9578676876493722,0.9559043348281017,0.9562624436648144,1338.0,0.9917946822749155,0.9917946822749156,0.9917946822749155,0.11354273557662964,0.9614,1391.675,43.685,,,,,
0.1092,6.103720188140869,2.4848484848484848e-06,8.503778337531486,850,,,,,,,,,,,,,,,,,,,,,,,,,,,,,
0.1044,1.482315182685852,2.454545454545455e-06,9.0,900,,,,,,,,,,,,,,,,,,,,,,,,,,,,,
,,,9.0,900,0.9802325581395349,0.9514672686230248,0.9656357388316151,886.0,0.9100418410041841,0.9623893805309734,0.9354838709677419,452.0,0.9551569506726457,0.9451371995718595,0.9569283245769991,0.9505598048996785,1338.0,0.956520895848669,0.9551569506726457,0.9554499060405309,1338.0,0.9923602648874329,0.9923602648874329,0.9923602648874329,0.10803014039993286,0.955,1401.023,43.978,,,,,
0.1081,3.6216723918914795,2.4242424242424244e-06,9.503778337531486,950,,,,,,,,,,,,,,,,,,,,,,,,,,,,,
0.1013,1.177071452140808,2.393939393939394e-06,10.0,1000,,,,,,,,,,,,,,,,,,,,,,,,,,,,,
,,,10.0,1000,0.984759671746776,0.9480812641083521,0.9660724554341575,886.0,0.9051546391752577,0.9712389380530974,0.9370330843116329,452.0,0.9559043348281017,0.9449571554610169,0.9596601010807247,0.9515527698728952,1338.0,0.9578676876493722,0.9559043348281017,0.9562624436648144,1338.0,0.9928272138876125,0.9928272138876126,0.9928272138876126,0.1115536317229271,0.9506,1407.466,44.181,,,,,
0.1026,4.313041687011719,2.3636363636363636e-06,10.503778337531486,1050,,,,,,,,,,,,,,,,,,,,,,,,,,,,,
0.0978,2.254312753677368,2.3333333333333336e-06,11.0,1100,,,,,,,,,,,,,,,,,,,,,,,,,,,,,
,,,11.0,1100,0.9779326364692218,0.9503386004514672,0.9639381797366915,886.0,0.9077568134171907,0.9579646017699115,0.9321851453175457,452.0,0.952914798206278,0.9428447249432063,0.9541516011106894,0.9480616625271185,1338.0,0.9542260056624071,0.952914798206278,0.9532114446414345,1338.0,0.993118120617671,0.993118120617671,0.993118120617671,0.10895995795726776,0.9609,1392.38,43.707,,,,,
0.1018,4.9544358253479,2.3030303030303027e-06,11.503778337531486,1150,,,,,,,,,,,,,,,,,,,,,,,,,,,,,
0.0957,1.5330519676208496,2.2727272727272728e-06,12.0,1200,,,,,,,,,,,,,,,,,,,,,,,,,,,,,
,,,12.0,1200,0.9836065573770492,0.9480812641083521,0.9655172413793104,886.0,0.9049586776859504,0.9690265486725663,0.9358974358974359,452.0,0.9551569506726457,0.9442826175314998,0.9585539063904592,0.9507073386383731,1338.0,0.9570379164051682,0.9551569506726457,0.9555111486455231,1338.0,0.9935026668531134,0.9935026668531134,0.9935026668531134,0.10698980838060379,0.9604,1393.149,43.731,,,,,
0.097,6.565858840942383,2.2424242424242428e-06,12.503778337531486,1250,,,,,,,,,,,,,,,,,,,,,,,,,,,,,
0.0934,1.8857308626174927,2.212121212121212e-06,13.0,1300,,,,,,,,,,,,,,,,,,,,,,,,,,,,,
,,,13.0,1300,0.9813084112149533,0.9480812641083521,0.9644087256027555,886.0,0.9045643153526971,0.9646017699115044,0.9336188436830836,452.0,0.953662182361734,0.9429363632838252,0.9563415170099283,0.9490137846429195,1338.0,0.9553829019999012,0.953662182361734,0.9540073604101608,1338.0,0.9938759763479094,0.9938759763479096,0.9938759763479095,0.10416900366544724,0.959,1395.234,43.797,,,,,
0.0943,5.240816593170166,2.181818181818182e-06,13.503778337531486,1350,,,,,,,,,,,,,,,,,,,,,,,,,,,,,
0.092,1.3914235830307007,2.1515151515151515e-06,14.0,1400,,,,,,,,,,,,,,,,,,,,,,,,,,,,,
,,,14.0,1400,0.9846878680800942,0.9435665914221218,0.9636887608069165,886.0,0.8977505112474438,0.9712389380530974,0.9330499468650372,452.0,0.952914798206278,0.9412191896637689,0.9574027647376095,0.9483693538359768,1338.0,0.9553188955177937,0.952914798206278,0.9533384290417973,1338.0,0.9940620068319383,0.9940620068319385,0.9940620068319383,0.10812624543905258,0.9562,1399.283,43.924,,,,,
0.0934,4.799919605255127,2.121212121212121e-06,14.503778337531486,1450,,,,,,,,,,,,,,,,,,,,,,,,,,,,,
0.0868,2.625864267349243,2.090909090909091e-06,15.0,1500,,,,,,,,,,,,,,,,,,,,,,,,,,,,,
,,,15.0,1500,0.9847058823529412,0.9446952595936795,0.9642857142857143,886.0,0.8995901639344263,0.9712389380530974,0.9340425531914893,452.0,0.953662182361734,0.9421480231436837,0.9579670988233884,0.9491641337386019,1338.0,0.9559522913774787,0.953662182361734,0.954069041031163,1338.0,0.9941269302223378,0.9941269302223377,0.9941269302223377,0.10784237086772919,0.9641,1387.861,43.565,,,,,
0.0913,5.701242446899414,2.0606060606060607e-06,15.503778337531486,1550,,,,,,,,,,,,,,,,,,,,,,,,,,,,,
0.086,2.740776300430298,2.0303030303030303e-06,16.0,1600,,,,,,,,,,,,,,,,,,,,,,,,,,,,,
,,,16.0,1600,0.9847953216374269,0.9503386004514672,0.9672601952900631,886.0,0.9089026915113871,0.9712389380530974,0.9390374331550803,452.0,0.9573991031390134,0.9468490065744071,0.9607887692522823,0.9531488142225717,1338.0,0.9591574525664478,0.9573991031390134,0.9577260484402782,1338.0,0.9944627839149804,0.9944627839149804,0.9944627839149804,0.10208281874656677,0.9625,1390.108,43.636,,,,,
0.09,7.714402198791504,2e-06,16.503778337531486,1650,,,,,,,,,,,,,,,,,,,,,,,,,,,,,
0.0829,2.2429521083831787,1.96969696969697e-06,17.0,1700,,,,,,,,,,,,,,,,,,,,,,,,,,,,,
,,,17.0,1700,0.9881796690307328,0.9435665914221218,0.9653579676674365,886.0,0.8983739837398373,0.9778761061946902,0.9364406779661016,452.0,0.9551569506726457,0.9432768263852851,0.9607213488084061,0.950899322816769,1338.0,0.9578417245228967,0.9551569506726457,0.9555891971554759,1338.0,0.9945114764577798,0.9945114764577798,0.9945114764577798,0.10893459618091583,0.9587,1395.668,43.81,,,,,
0.0886,6.648784160614014,1.9393939393939395e-06,17.503778337531486,1750,,,,,,,,,,,,,,,,,,,,,,,,,,,,,
0.0829,1.8106722831726074,1.909090909090909e-06,18.0,1800,,,,,,,,,,,,,,,,,,,,,,,,,,,,,
,,,18.0,1800,0.9824355971896955,0.9469525959367946,0.964367816091954,886.0,0.9028925619834711,0.9668141592920354,0.9337606837606838,452.0,0.953662182361734,0.9426640795865833,0.956883377614415,0.9490642499263189,1338.0,0.9555645568958141,0.953662182361734,0.9540281869337073,1338.0,0.9946238438642402,0.9946238438642403,0.9946238438642403,0.10214266180992126,0.9554,1400.419,43.959,,,,,
0.0853,6.963808059692383,1.878787878787879e-06,18.503778337531486,1850,,,,,,,,,,,,,,,,,,,,,,,,,,,,,
0.0824,2.463618040084839,1.8484848484848485e-06,19.0,1900,,,,,,,,,,,,,,,,,,,,,,,,,,,,,
,,,19.0,1900,0.9858989424206815,0.9469525959367946,0.9660333909038572,886.0,0.9034907597535934,0.9734513274336283,0.9371671991480298,452.0,0.9559043348281017,0.9446948510871375,0.9602019616852114,0.9516002950259435,1338.0,0.958060004778287,0.9559043348281017,0.9562818821791681,1338.0,0.9946563055594398,0.99465630555944,0.99465630555944,0.10365241020917892,0.9545,1401.736,44.001,,,,,
0.0852,3.91133189201355,1.8181818181818183e-06,19.503778337531486,1950,,,,,,,,,,,,,,,,,,,,,,,,,,,,,
0.0787,3.331486463546753,1.7878787878787879e-06,20.0,2000,,,,,,,,,,,,,,,,,,,,,,,,,,,,,
,,,20.0,2000,0.9836448598130841,0.9503386004514672,0.9667049368541906,886.0,0.9087136929460581,0.9690265486725663,0.9379014989293362,452.0,0.9566517189835575,0.9461792763795711,0.9596825745620168,0.9523032178917634,1338.0,0.9583317899895446,0.9566517189835575,0.9569746274804729,1338.0,0.9946725364070398,0.9946725364070397,0.9946725364070397,0.10181977599859238,0.9576,1397.228,43.859,,,,,
0.0835,7.068290710449219,1.7575757575757577e-06,20.503778337531486,2050,,,,,,,,,,,,,,,,,,,,,,,,,,,,,
0.0813,2.8192741870880127,1.7272727272727275e-06,21.0,2100,,,,,,,,,,,,,,,,,,,,,,,,,,,,,
,,,21.0,2100,0.9858657243816255,0.9446952595936795,0.9648414985590779,886.0,0.8997955010224948,0.9734513274336283,0.9351753453772582,452.0,0.9544095665171899,0.9428306127020601,0.9590732935136539,0.950008421968168,1338.0,0.9567896848014109,0.9544095665171899,0.9548197487547562,1338.0,0.994651311452486,0.9946513114524862,0.9946513114524861,0.10750678926706314,0.96,1393.731,43.749,,,,,
0.082,7.044594764709473,1.6969696969696969e-06,21.503778337531486,2150,,,,,,,,,,,,,,,,,,,,,,,,,,,,,
0.0784,3.3185603618621826,1.6666666666666669e-06,22.0,2200,,,,,,,,,,,,,,,,,,,,,,,,,,,,,
,,,22.0,2200,0.9870283018867925,0.9446952595936795,0.9653979238754326,886.0,0.9,0.9756637168141593,0.9363057324840764,452.0,0.9551569506726457,0.9435141509433962,0.9601794882039194,0.9508518281797544,1338.0,0.9576286064810898,0.9551569506726457,0.9555700684876203,1338.0,0.9948023831878384,0.9948023831878384,0.9948023831878384,0.10215307772159576,0.9529,1404.065,44.074,,,,,
0.0818,5.960018634796143,1.6363636363636363e-06,22.503778337531486,2250,,,,,,,,,,,,,,,,,,,,,,,,,,,,,
0.0786,1.3932092189788818,1.606060606060606e-06,23.0,2300,,,,,,,,,,,,,,,,,,,,,,,,,,,,,
,,,23.0,2300,0.9870283018867925,0.9446952595936795,0.9653979238754326,886.0,0.9,0.9756637168141593,0.9363057324840764,452.0,0.9551569506726457,0.9435141509433962,0.9601794882039194,0.9508518281797544,1338.0,0.9576286064810898,0.9551569506726457,0.9555700684876203,1338.0,0.994839838989992,0.9948398389899918,0.994839838989992,0.10532781481742859,0.9533,1403.593,44.059,,,,,
0.0786,4.421054363250732,1.5757575757575759e-06,23.503778337531486,2350,,,,,,,,,,,,,,,,,,,,,,,,,,,,,
0.0769,2.937649965286255,1.5454545454545454e-06,24.0,2400,,,,,,,,,,,,,,,,,,,,,,,,,,,,,
,,,24.0,2400,0.9870435806831567,0.945823927765237,0.9659942363112392,886.0,0.901840490797546,0.9756637168141593,0.9373007438894793,452.0,0.9559043348281017,0.9444420357403513,0.9607438222896982,0.9516474901003592,1338.0,0.9582604740850281,0.9559043348281017,0.9563010684677149,1338.0,0.9950133842066362,0.9950133842066361,0.9950133842066362,0.10570132732391357,0.9691,1380.693,43.34,,,,,
0.0778,4.981462001800537,1.5151515151515152e-06,24.503778337531486,2450,,,,,,,,,,,,,,,,,,,,,,,,,,,,,
0.0764,2.4611687660217285,1.484848484848485e-06,25.0,2500,,,,,,,,,,,,,,,,,,,,,,,,,,,,,
,,,25.0,2500,0.9859154929577465,0.9480812641083521,0.9666283084004603,886.0,0.9053497942386831,0.9734513274336283,0.9381663113006397,452.0,0.9566517189835575,0.9456326435982148,0.9607662957709902,0.95239730985055,1338.0,0.958698978891217,0.9566517189835575,0.9570133437598631,1338.0,0.9949621946103597,0.9949621946103597,0.9949621946103597,0.10273601114749908,0.957,1398.161,43.888,,,,,
0.0782,7.886010646820068,1.4545454545454546e-06,25.503778337531486,2550,,,,,,,,,,,,,,,,,,,,,,,,,,,,,
0.0747,2.683854579925537,1.4242424242424242e-06,26.0,2600,,,,,,,,,,,,,,,,,,,,,,,,,,,,,
,,,26.0,2600,0.9870740305522914,0.9480812641083521,0.9671848013816926,886.0,0.9055441478439425,0.9756637168141593,0.939297124600639,452.0,0.9573991031390134,0.946309089198117,0.9618724904612557,0.9532409629911658,1338.0,0.9595317981276474,0.9573991031390134,0.9577638522747896,1338.0,0.9950108871531593,0.9950108871531593,0.9950108871531593,0.10454470664262772,0.9532,1403.686,44.062,,,,,
0.0797,6.873225212097168,1.393939393939394e-06,26.503778337531486,2650,,,,,,,,,,,,,,,,,,,,,,,,,,,,,
0.0754,1.6753122806549072,1.3636363636363636e-06,27.0,2700,,,,,,,,,,,,,,,,,,,,,,,,,,,,,
,,,27.0,2700,0.9870892018779343,0.9492099322799097,0.9677790563866513,886.0,0.9074074074074074,0.9756637168141593,0.9402985074626866,452.0,0.9581464872944694,0.9472483046426708,0.9624368245470345,0.954038781924669,1338.0,0.9601712862570985,0.9581464872944694,0.9584956422509023,1338.0,0.9950733134900818,0.9950733134900818,0.9950733134900818,0.10008107125759125,0.9576,1397.18,43.858,,,,,
0.0763,5.262660980224609,1.3333333333333332e-06,27.503778337531486,2750,,,,,,,,,,,,,,,,,,,,,,,,,,,,,
0.0757,3.181443929672241,1.3030303030303032e-06,28.0,2800,,,,,,,,,,,,,,,,,,,,,,,,,,,,,
,,,28.0,2800,0.9882075471698113,0.945823927765237,0.9665513264129181,886.0,0.9020408163265307,0.9778761061946902,0.9384288747346072,452.0,0.9566517189835575,0.945124181748171,0.9618500169799636,0.9524901005737627,1338.0,0.9590989056592262,0.9566517189835575,0.9570510662046995,1338.0,0.9949834195649134,0.9949834195649134,0.9949834195649134,0.10501609742641449,0.9625,1390.16,43.637,,,,,
0.0737,5.319275379180908,1.2727272727272728e-06,28.503778337531486,2850,,,,,,,,,,,,,,,,,,,,,,,,,,,,,
0.0739,1.7061687707901,1.2424242424242424e-06,29.0,2900,,,,,,,,,,,,,,,,,,,,,,,,,,,,,
,,,29.0,2900,0.9871043376318874,0.9503386004514672,0.968372627947096,886.0,0.9092783505154639,0.9756637168141593,0.9413020277481323,452.0,0.9588938714499252,0.9481913440736757,0.9630011586328133,0.9548373278476141,1338.0,0.9608133464684917,0.9588938714499252,0.9592277017214371,1338.0,0.9951444795141732,0.9951444795141733,0.9951444795141733,0.1020166277885437,0.9633,1389.002,43.601,,,,,
0.0744,3.7207655906677246,1.2121212121212122e-06,29.503778337531486,2950,,,,,,,,,,,,,,,,,,,,,,,,,,,,,
0.0714,1.9690080881118774,1.1818181818181818e-06,30.0,3000,,,,,,,,,,,,,,,,,,,,,,,,,,,,,
,,,30.0,3000,0.983739837398374,0.9559819413092551,0.9696622781911849,886.0,0.9182389937106918,0.9690265486725663,0.9429494079655544,452.0,0.9603886397608371,0.9509894155545329,0.9625042449909107,0.9563058430783696,1338.0,0.9616124970793664,0.9603886397608371,0.9606381994602544,1338.0,0.9952306278591263,0.9952306278591263,0.9952306278591263,0.09481846541166306,0.9586,1395.845,43.816,,,,,
0.0749,6.112326145172119,1.1515151515151514e-06,30.503778337531486,3050,,,,,,,,,,,,,,,,,,,,,,,,,,,,,
0.0734,1.9685472249984741,1.1212121212121214e-06,31.0,3100,,,,,,,,,,,,,,,,,,,,,,,,,,,,,
,,,31.0,3100,0.9859484777517564,0.9503386004514672,0.967816091954023,886.0,0.9090909090909091,0.9734513274336283,0.9401709401709402,452.0,0.9581464872944694,0.9475196934213328,0.9618949639425478,0.9539935160624815,1338.0,0.9599846354238766,0.9581464872944694,0.9584770720691549,1338.0,0.9952206396452187,0.9952206396452186,0.9952206396452186,0.10185187309980392,0.9558,1399.831,43.941,,,,,
0.0731,3.373972177505493,1.090909090909091e-06,31.503778337531486,3150,,,,,,,,,,,,,,,,,,,,,,,,,,,,,
0.07,2.568618059158325,1.0606060606060606e-06,32.0,3200,,,,,,,,,,,,,,,,,,,,,,,,,,,,,
,,,32.0,3200,0.9859649122807017,0.9514672686230248,0.9684089603676048,886.0,0.9109730848861284,0.9734513274336283,0.9411764705882353,452.0,0.9588938714499252,0.948468998583415,0.9624592980283265,0.9547927154779201,1338.0,0.9606313502610102,0.9588938714499252,0.9592093449862333,1338.0,0.9952343734393415,0.9952343734393416,0.9952343734393416,0.0999811515212059,0.9637,1388.468,43.584,,,,,
0.0752,5.676429748535156,1.0303030303030304e-06,32.503778337531486,3250,,,,,,,,,,,,,,,,,,,,,,,,,,,,,
0.0712,1.4486092329025269,1e-06,33.0,3300,,,,,,,,,,,,,,,,,,,,,,,,,,,,,
,,,33.0,3300,0.9859484777517564,0.9503386004514672,0.967816091954023,886.0,0.9090909090909091,0.9734513274336283,0.9401709401709402,452.0,0.9581464872944694,0.9475196934213328,0.9618949639425478,0.9539935160624815,1338.0,0.9599846354238766,0.9581464872944694,0.9584770720691549,1338.0,0.9952930541960486,0.9952930541960486,0.9952930541960486,0.10118257254362106,0.9553,1400.576,43.964,,,,,
0.0747,5.9745259284973145,9.696969696969698e-07,33.503778337531486,3350,,,,,,,,,,,,,,,,,,,,,,,,,,,,,
0.0707,2.1304492950439453,9.393939393939395e-07,34.0,3400,,,,,,,,,,,,,,,,,,,,,,,,,,,,,
,,,34.0,3400,0.9837775202780996,0.9582392776523702,0.9708404802744426,886.0,0.9221052631578948,0.9690265486725663,0.9449838187702265,452.0,0.9618834080717489,0.9529413917179972,0.9636329131624682,0.9579121495223346,1338.0,0.9629435440312142,0.9618834080717489,0.9621056439516431,1338.0,0.9953692143270939,0.9953692143270941,0.995369214327094,0.09289510548114777,0.962,1390.92,43.661,,,,,
0.0715,7.5209856033325195,9.090909090909091e-07,34.503778337531486,3450,,,,,,,,,,,,,,,,,,,,,,,,,,,,,
0.0711,1.3711364269256592,8.787878787878788e-07,35.0,3500,,,,,,,,,,,,,,,,,,,,,,,,,,,,,
,,,35.0,3500,0.9837209302325581,0.9548532731376975,0.9690721649484536,886.0,0.9163179916317992,0.9690265486725663,0.9419354838709677,452.0,0.9596412556053812,0.9500194609321786,0.9619399109051319,0.9555038244097107,1338.0,0.9609510287022569,0.9596412556053812,0.9599049154364778,1338.0,0.9953879422281706,0.9953879422281708,0.9953879422281707,0.09451530873775482,0.9595,1394.432,43.771,,,,,
0.0706,7.588234901428223,8.484848484848484e-07,35.503778337531486,3550,,,,,,,,,,,,,,,,,,,,,,,,,,,,,
0.0689,2.5978119373321533,8.181818181818181e-07,36.0,3600,,,,,,,,,,,,,,,,,,,,,,,,,,,,,
,,,36.0,3600,0.9837775202780996,0.9582392776523702,0.9708404802744426,886.0,0.9221052631578948,0.9690265486725663,0.9449838187702265,452.0,0.9618834080717489,0.9529413917179972,0.9636329131624682,0.9579121495223346,1338.0,0.9629435440312142,0.9618834080717489,0.9621056439516431,1338.0,0.9954029245490321,0.9954029245490322,0.9954029245490321,0.09330179542303085,0.9581,1396.482,43.836,,,,,
0.0719,6.779848098754883,7.878787878787879e-07,36.503778337531486,3650,,,,,,,,,,,,,,,,,,,,,,,,,,,,,
0.0687,1.7338937520980835,7.575757575757576e-07,37.0,3700,,,,,,,,,,,,,,,,,,,,,,,,,,,,,
,,,37.0,3700,0.9848130841121495,0.9514672686230248,0.9678530424799081,886.0,0.9107883817427386,0.9712389380530974,0.9400428265524625,452.0,0.9581464872944694,0.947800732927444,0.9613531033380611,0.9539479345161853,1338.0,0.9598062339843665,0.9581464872944694,0.958458261015629,1338.0,0.9953517349527559,0.9953517349527559,0.9953517349527559,0.09934714436531067,0.9559,1399.697,43.937,,,,,
0.0706,2.9657371044158936,7.272727272727273e-07,37.503778337531486,3750,,,,,,,,,,,,,,,,,,,,,,,,,,,,,
0.0663,1.8959112167358398,6.96969696969697e-07,38.0,3800,,,,,,,,,,,,,,,,,,,,,,,,,,,,,
,,,38.0,3800,0.983739837398374,0.9559819413092551,0.9696622781911849,886.0,0.9182389937106918,0.9690265486725663,0.9429494079655544,452.0,0.9603886397608371,0.9509894155545329,0.9625042449909107,0.9563058430783696,1338.0,0.9616124970793664,0.9603886397608371,0.9606381994602544,1338.0,0.9954054216025091,0.995405421602509,0.995405421602509,0.09602366387844086,0.9581,1396.479,43.836,,,,,
0.0729,5.812165260314941,6.666666666666666e-07,38.503778337531486,3850,,,,,,,,,,,,,,,,,,,,,,,,,,,,,
0.0683,2.5910303592681885,6.363636363636364e-07,39.0,3900,,,,,,,,,,,,,,,,,,,,,,,,,,,,,
,,,39.0,3900,0.9837962962962963,0.9593679458239278,0.9714285714285714,886.0,0.9240506329113924,0.9690265486725663,0.9460043196544277,452.0,0.9626307922272048,0.9539234646038444,0.9641972472482471,0.9587164455414996,1338.0,0.9636131573949684,0.9626307922272048,0.9628398107395483,1338.0,0.9954478715116164,0.9954478715116164,0.9954478715116164,0.09417185187339783,0.962,1390.914,43.661,,,,,
0.0688,3.7383458614349365,6.060606060606061e-07,39.503778337531486,3950,,,,,,,,,,,,,,,,,,,,,,,,,,,,,
0.0677,1.526869297027588,5.757575757575757e-07,40.0,4000,,,,,,,,,,,,,,,,,,,,,,,,,,,,,
,,,40.0,4000,0.983739837398374,0.9559819413092551,0.9696622781911849,886.0,0.9182389937106918,0.9690265486725663,0.9429494079655544,452.0,0.9603886397608371,0.9509894155545329,0.9625042449909107,0.9563058430783696,1338.0,0.9616124970793664,0.9603886397608371,0.9606381994602544,1338.0,0.9954029245490321,0.9954029245490321,0.9954029245490321,0.09752177447080612,0.9591,1395.102,43.792,,,,,
0.0722,7.720679759979248,5.454545454545455e-07,40.503778337531486,4050,,,,,,,,,,,,,,,,,,,,,,,,,,,,,
0.0649,1.3511240482330322,5.151515151515152e-07,41.0,4100,,,,,,,,,,,,,,,,,,,,,,,,,,,,,
,,,41.0,4100,0.9826187717265353,0.9571106094808126,0.9696969696969697,886.0,0.92,0.9668141592920354,0.9428263214670982,452.0,0.9603886397608371,0.9513093858632677,0.961962384386424,0.956261645582034,1338.0,0.9614650461507551,0.9603886397608371,0.9606195907732761,1338.0,0.9954253980303241,0.9954253980303243,0.9954253980303243,0.09478311240673065,0.9628,1389.726,43.624,,,,,
0.0689,3.3271524906158447,4.848484848484849e-07,41.503778337531486,4150,,,,,,,,,,,,,,,,,,,,,,,,,,,,,
0.067,2.0669896602630615,4.5454545454545457e-07,42.0,4200,,,,,,,,,,,,,,,,,,,,,,,,,,,,,
,,,42.0,4200,0.983739837398374,0.9559819413092551,0.9696622781911849,886.0,0.9182389937106918,0.9690265486725663,0.9429494079655544,452.0,0.9603886397608371,0.9509894155545329,0.9625042449909107,0.9563058430783696,1338.0,0.9616124970793664,0.9603886397608371,0.9606381994602544,1338.0,0.9954229009768474,0.9954229009768473,0.9954229009768474,0.09684707969427109,0.9558,1399.908,43.943,,,,,
0.0669,6.154338836669922,4.242424242424242e-07,42.503778337531486,4250,,,,,,,,,,,,,,,,,,,,,,,,,,,,,
0.0695,2.0759084224700928,3.9393939393939396e-07,43.0,4300,,,,,,,,,,,,,,,,,,,,,,,,,,,,,
,,,43.0,4300,0.9815028901734104,0.9582392776523702,0.9697315819531697,886.0,0.9217758985200846,0.9646017699115044,0.9427027027027027,452.0,0.9603886397608371,0.9516393943467475,0.9614205237819373,0.9562171423279362,1338.0,0.9613260589123468,0.9603886397608371,0.9606007497997981,1338.0,0.9954291436105396,0.9954291436105396,0.9954291436105396,0.09491349756717682,0.9586,1395.785,43.814,,,,,
0.0708,3.9102346897125244,3.6363636363636366e-07,43.503778337531486,4350,,,,,,,,,,,,,,,,,,,,,,,,,,,,,
0.0656,1.14325749874115,3.333333333333333e-07,44.0,4400,,,,,,,,,,,,,,,,,,,,,,,,,,,,,
,,,44.0,4400,0.9837775202780996,0.9582392776523702,0.9708404802744426,886.0,0.9221052631578948,0.9690265486725663,0.9449838187702265,452.0,0.9618834080717489,0.9529413917179972,0.9636329131624682,0.9579121495223346,1338.0,0.9629435440312142,0.9618834080717489,0.9621056439516431,1338.0,0.9954478715116163,0.9954478715116164,0.9954478715116164,0.09479846805334091,0.9558,1399.876,43.942,,,,,
0.0705,4.621292591094971,3.0303030303030305e-07,44.503778337531486,4450,,,,,,,,,,,,,,,,,,,,,,,,,,,,,
0.0664,1.5622361898422241,2.7272727272727274e-07,45.0,4500,,,,,,,,,,,,,,,,,,,,,,,,,,,,,
,,,45.0,4500,0.983739837398374,0.9559819413092551,0.9696622781911849,886.0,0.9182389937106918,0.9690265486725663,0.9429494079655544,452.0,0.9603886397608371,0.9509894155545329,0.9625042449909107,0.9563058430783696,1338.0,0.9616124970793664,0.9603886397608371,0.9606381994602544,1338.0,0.9954303921372779,0.995430392137278,0.995430392137278,0.09755119681358337,0.9625,1390.137,43.637,,,,,
0.0666,3.215466022491455,2.4242424242424244e-07,45.503778337531486,4550,,,,,,,,,,,,,,,,,,,,,,,,,,,,,
0.066,3.0010149478912354,2.121212121212121e-07,46.0,4600,,,,,,,,,,,,,,,,,,,,,,,,,,,,,
,,,46.0,4600,0.9837209302325581,0.9548532731376975,0.9690721649484536,886.0,0.9163179916317992,0.9690265486725663,0.9419354838709677,452.0,0.9596412556053812,0.9500194609321786,0.9619399109051319,0.9555038244097107,1338.0,0.9609510287022569,0.9596412556053812,0.9599049154364778,1338.0,0.9953966819153399,0.9953966819153399,0.9953966819153399,0.09865450114011765,0.9612,1392.037,43.696,,,,,
0.0678,7.0991668701171875,1.8181818181818183e-07,46.503778337531486,4650,,,,,,,,,,,,,,,,,,,,,,,,,,,,,
0.0656,2.3112142086029053,1.5151515151515152e-07,47.0,4700,,,,,,,,,,,,,,,,,,,,,,,,,,,,,
,,,47.0,4700,0.9848308051341891,0.9525959367945824,0.9684452094090649,886.0,0.9126819126819127,0.9712389380530974,0.9410503751339764,452.0,0.9588938714499252,0.9487563589080509,0.96191743742384,0.9547477922715206,1338.0,0.9604576366824484,0.9588938714499252,0.959190751193564,1338.0,0.995405421602509,0.9954054216025091,0.995405421602509,0.09962547570466995,0.9625,1390.088,43.635,,,,,
,,,47.0,4700,,,,,,,,,,,,,,,,,,,,,,,,,2670.4273,475.692,1.854,1.4062140348123624e+17,0.09605459502402772
